location_id,pickup_count,dropoff_count
237,20218,21207
161,17034,19149
236,19418,18910
162,13720,13606
234,11091,12405
170,13044,11973
163,11246,11323
230,11817,11173
142,11714,10913
186,13847,10113
239,11094,9533
164,8635,8443
141,9550,8088
68,7711,7935
43,7359,7804
48,9309,7801
246,5470,7537
140,8188,7464
238,8876,7093
231,6319,6442
107,7933,6318
100,7424,6169
229,7316,5813
263,7261,5749
138,13630,5747
90,6131,5315
113,5408,5164
233,5443,5164
79,5942,4878
249,4866,4606
50,3724,4539
143,5517,4338
75,3093,4289
264,4893,4263
137,4550,4125
13,3867,4083
211,2518,4009
262,5935,3850
158,2667,3583
144,2376,3390
114,2735,3383
166,2392,3178
87,2759,2678
132,5067,2677
148,2036,2642
74,1271,2461
151,3840,2394
125,2173,2314
261,2281,2101
88,1383,1970
41,1291,1934
42,489,1028
45,810,1019
232,392,1014
24,1324,964
244,380,944
4,575,932
209,572,811
145,375,763
1,24,759
224,1109,735
265,171,726
7,411,660
33,319,654
65,480,627
12,205,562
66,123,509
116,375,502
255,87,488
181,184,474
152,305,469
226,451,454
25,272,406
256,70,369
112,65,360
129,151,360
243,81,347
146,337,337
194,67,311
97,194,309
223,167,305
49,62,248
193,217,247
61,46,236
260,111,217
179,200,213
80,32,207
95,42,195
168,63,192
37,19,177
40,125,171
82,57,171
195,49,164
247,41,164
17,48,163
89,42,161
92,30,151
228,38,146
188,39,144
189,55,136
127,36,136
225,18,131
190,16,128
52,160,123
70,64,122
14,40,115
216,38,115
69,18,105
76,43,99
36,9,98
217,13,94
130,34,89
220,11,87
26,22,83
106,33,81
10,78,78
196,18,73
93,31,72
200,8,68
83,32,68
159,25,65
119,7,63
198,9,62
56,7,62
62,17,62
39,22,61
157,10,61
135,16,59
257,8,56
31,2,55
197,14,54
160,4,52
71,11,50
205,15,49
202,11,49
215,21,49
123,22,48
91,20,48
169,5,45
35,14,45
242,14,45
213,18,45
165,14,45
173,10,44
191,8,43
34,10,42
16,9,42
258,7,41
22,9,40
171,9,40
177,17,40
121,7,40
98,6,39
235,7,39
72,14,39
207,42,38
134,16,38
51,20,37
174,7,37
126,5,35
133,13,34
219,18,34
131,7,34
241,9,34
67,7,34
155,16,33
250,3,33
28,33,33
252,4,33
210,21,33
54,7,32
218,13,32
227,13,31
208,6,31
77,12,31
53,4,31
63,7,31
18,6,30
55,14,30
47,1,28
136,7,28
182,12,28
185,12,27
85,17,26
254,15,26
192,3,26
3,0,25
203,3,25
78,9,25
15,7,24
21,10,23
29,6,22
102,5,22
259,10,22
20,2,21
101,6,20
38,7,20
147,5,19
86,3,19
180,0,19
73,3,18
64,0,18
139,4,18
248,1,18
19,12,18
167,9,18
212,4,18
149,9,18
128,1,17
117,3,17
122,5,16
178,12,16
81,4,15
222,8,15
175,6,15
9,7,14
94,4,14
183,2,13
120,4,13
60,9,13
32,6,12
57,0,12
124,8,11
11,3,11
150,0,11
201,1,10
108,7,10
153,10,9
96,0,7
58,0,7
46,0,6
6,3,5
172,0,5
154,0,4
23,1,4
156,1,4
115,0,4
240,5,4
199,3,3
206,0,3
111,1,3
253,1,3
8,1,2
251,0,2
187,0,2
214,0,2
5,0,2
27,3,2
118,0,2
109,0,2
99,0,1
221,1,1
176,0,1
245,0,1
84,0,1
30,1,0
184,1,0
2,1,0
